그룹	원본	섹션	오류유형	블록	건수	현재	기대	원인태그	검증	비고
g1	GS-01_001	sec_1_01	과병합	blk_002	1	blk_002 = 굵은 제품명 1줄 + 본문 2줄	blk_002를 1줄 | 2~3줄로 분리	헤드라인+본문		구달 맑은 어성초…1+1 기획 / 제품 디자인이
g1	GS-01_001	sec_1_01	역할오류	blk_034	1	title	caption	기타		신규 디자인 (이미지 비교 라벨)
g1	GS-01_001	sec_1_01	역할오류	blk_035	1	title	caption	기타		기존 디자인 (이미지 비교 라벨)
g1	GS-01_001	sec_1_01	역할오류	blk_036	1	title	body	백분위역할		리뉴얼 진행 중인 상품으로 주문 시점에
g1	GS-01_001	sec_1_01	역할오류	blk_037	1	body	caption	백분위역할		*디자인 변경으로 인한 교환,환불은 (정책 각주)
g1	GS-01_002	sec_1_01	역할오류	blk_001	1	body	title	기타		민감피부도 순하게 (헤드라인 위 리드 문구)
g1	GS-01_002	sec_1_02	과분할	blk_003+blk_004	1	blk_003 | blk_004	blk_003+004 한 블록	가로간격	blk_003|blk_004: 줄:가로겹침 -27<-26.0	메이크업을 해도 밀리지 / 않는 선크림
g1	GS-01_002	sec_1_02	역할오류	blk_004	1	caption	body	기타		않는 선크림 (본문에서 잘린 조각)
g1	GS-01_002	sec_1_03	역할오류	blk_003	1	body	title	반복항목불일치		#SPF50+ PA++++ (다른 해시태그 배지는 title)
g1	GS-01_002	sec_1_03	역할오류	blk_004	1	body	caption	백분위역할		[자외선 A(PFA),B(SPF)차단지수 시험
g1	GS-01_002	sec_1_04	과분할	blk_010+blk_014	1	blk_010 | blk_014	blk_010+014 한 블록	숫자단위분리	blk_010|blk_014: 줄:높이비 3.23	98 / %
g1	GS-01_002	sec_1_04	과분할	blk_011+blk_012	1	blk_011 | blk_012	blk_011+012 한 블록	숫자단위분리	blk_011|blk_012: 줄:높이비 2.83	96 / %
g1	GS-01_002	sec_1_04	과분할	blk_009+blk_013	1	blk_009 | blk_013	blk_009+013 한 블록	숫자단위분리	blk_009|blk_013: 줄:높이비 3.09	95 / %
g1	GS-01_002	sec_1_04	과병합	blk_002	1	blk_002 = SURVEY 리본 + 룸메 200명이 인정한	blk_002를 SURVEY | 인정 문구로 분리	세로간격		SURVEY / 룸메 200명이 인정한 (가운데 배지 003/005는 분리됨)
g1	GS-01_002	sec_1_04	과병합	blk_004	1	blk_004 = SURVEY 리본 + 룸메 200명이 인정한	blk_004를 SURVEY | 인정 문구로 분리	세로간격		SURVEY, / 룸에 200명이 인정한
g1	GS-01_002	sec_1_04	과병합	blk_016	1	blk_016 = POWDER ROOM 로고 2줄 + 원호 문구 조각 진정	blk_016를 로고 | 원호 문구로 분리	곡선·기울어짐		POWDER / ROom / 진정
g1	GS-01_002	sec_1_04	역할오류	blk_023	1	body	title	반복항목불일치		사용후 / 산뜻한 마무리 (019·021은 title)
g1	GS-01_002	sec_1_04	역할오류	blk_025	1	body	caption	백분위역할		설문기관:파우더룸 서베이 체험단
g1	GS-01_002	sec_1_06	과분할	blk_011+blk_012	1	blk_011 | blk_012	blk_011+012 한 블록	가로간격	blk_011|blk_012: 줄:높이비 2.76	트리플 징크 콤플렉스 / ** (각주 기호)
g1	GS-01_002	sec_1_06	과분할	blk_014+blk_015+blk_016	2	blk_014 | blk_015 | blk_016	blk_014+015+016 한 블록	가로간격	blk_014|blk_015: 줄:가로간격 34>29.4 ; blk_015|blk_016: 줄:높이비 2.21	10종 히알루 쿨링성분 / *** / 으로 (문장 끊김)
g1	GS-01_002	sec_1_06	과분할	blk_020+blk_022	1	blk_020 | blk_022	blk_020+022 한 블록	가로간격	blk_020|blk_022: 줄:높이비 3.00	Reef Safe 선 / ***** (각주 기호)
g1	GS-01_002	sec_1_06	역할오류	blk_008	1	body	title	기타		오직, 징크 성분으로 피부에 순한 (리드 문구)
g1	GS-01_002	sec_1_06	역할오류	blk_023	1	body	caption	백분위역할		*어성초추출물(약모밀추출물) 각주 5줄
g1	GS-01_002	sec_1_08	과분할	blk_002+blk_001	1	blk_002 | blk_001	blk_002+001 한 블록	가로간격	blk_001|blk_002: 줄:가로겹침 -22<-21.5	POINT / [01
g1	GS-01_002	sec_1_08	과분할	blk_005+blk_004+blk_006	2	blk_005 | blk_004 | blk_006	blk_005+004+006 한 블록	가로간격	blk_004|blk_005: 줄:높이비 2.60 ; blk_005|blk_006: 줄:높이비 3.03	제주 어성초추출물 / * / ** (각주 기호)
g1	GS-01_002	sec_1_08	과분할	blk_008+blk_007+blk_009	2	blk_008 | blk_007 | blk_009	blk_008+007+009 한 블록	가로간격	blk_007|blk_008: 줄:가로겹침 -19<-18.0 ; blk_008|blk_009: 블록:세로간격 23>21.6	진정에 / 진정을 더한… / 자극받은 피부에 (008·007 가로, 009 세로 분리. 핵심 본문)
g1	GS-01_002	sec_1_08	역할오류	blk_010	1	body	title	반복항목불일치		징크옥사이드 (blk_012는 title)
g1	GS-01_002	sec_1_08	역할오류	blk_015	1	body	title	반복항목불일치		징크락테이트 (blk_012는 title)
g1	GS-01_002	sec_1_08	역할오류	blk_017	1	body	caption	백분위역할		*어성초추출물… 인체적용시험 각주 4줄
g1	GS-01_002	sec_1_09	과병합	blk_009	1	blk_009 = 축 눈금 20.0 + 축 제목 a* value	blk_009를 20.0 | a* value로 분리	세로간격		20.0 / a* value
g1	GS-01_002	sec_1_09	역할오류	blk_001	1	body	caption	반복항목불일치		Test (섹션 라벨. 1_06·1_10 라벨은 caption)
g1	GS-01_002	sec_1_09	역할오류	blk_005	1	body	caption	반복항목불일치		제품사용 7일후 (같은 축 라벨 blk_003은 caption)
g1	GS-01_002	sec_1_09	역할오류	blk_010	1	caption	body	반복항목불일치		11.0 (다른 눈금 008·011은 body)
g1	GS-01_002	sec_1_09	역할오류	blk_012	1	body	caption	백분위역할		[구달 맑은 어성초… 인체적용시험]
g1	GS-01_002	sec_1_10	역할오류	blk_004	1	body	caption	백분위역할		*소비자 이해를 돕기 위해 연출된
g1	GS-01_002	sec_1_11	역할오류	blk_001	1	body	caption	반복항목불일치		POINT 02 (1_06·1_10 라벨은 caption)
g1	GS-01_002	sec_1_11	역할오류	blk_002	1	body	title	기타		건조함 걱정 없이 (리드 문구)
g1	GS-01_002	sec_1_12	과분할	blk_005+blk_006	1	blk_005 | blk_006	blk_005+006 한 블록	곡선·기울어짐	blk_005|blk_006: 줄:높이비 1.56	인체적용 / 테스트 완료 (배지 원호 문구)
g1	GS-01_002	sec_1_12	과분할	blk_007+blk_009	1	blk_007 | blk_009	blk_007+009 한 블록	세로간격	blk_007|blk_009: 블록:줄높이비 1.75	민감성 피부 / 사용적합테스트완료 (배지 중앙)
g1	GS-01_002	sec_1_12	과병합	blk_004	1	blk_004 = 원호 인체적용 테스트 완료 + 중앙 피부 자극 테스트 완료	blk_004를 원호 1줄 | 중앙 2줄로 분리	곡선·기울어짐		인체적용 / 피부 자극 / 테스트 완료
g1	GS-01_002	sec_1_12	역할오류	blk_001	1	body	caption	반복항목불일치		Test (섹션 라벨)
g1	GS-01_002	sec_1_12	역할오류	blk_003	1	title	body	반복항목불일치		인체적용 테스트완료 (다른 원호 문구 005·006은 body)
g1	GS-01_002	sec_1_12	역할오류	blk_009	1	caption	body	반복항목불일치		사용적합테스트완료 (008 같은 문구는 body)
g1	GS-01_002	sec_1_12	역할오류	blk_011	1	body	caption	백분위역할		[여드름성 피부 사용 적합 테스트]
g1	GS-01_002	sec_1_13	역할오류	blk_003	1	body	caption	백분위역할		[피부 쿨링 인체적용시험]
g1	GS-01_002	sec_1_13	역할오류	blk_015	1	body	caption	백분위역할		*10종 히알루론산 | 소듐하이알루로
g1	GS-01_002	sec_1_14	과분할	blk_003+blk_002	1	blk_003 | blk_002	blk_003+002 한 블록	가로간격	blk_002|blk_003: 줄:가로겹침 -27<-26.5	부드럽게 터치되며 / 뭉침없이 고르게 (핵심 본문)
g1	GS-01_002	sec_1_14	역할오류	blk_003	1	caption	body	기타		부드럽게 터치되며 (본문에서 잘린 조각)
g1	GS-01_002	sec_1_19	과병합	blk_020	1	blk_020 = 해시태그 알약 3개	blk_020를 #워터풀 | #촉촉수분 | #수분크림 바른듯으로 분리	세로간격		#워터풀 #촉촉수분 / #수분크림 (1행은 가로 병합)
g1	GS-01_002	sec_1_19	과병합	blk_021	1	blk_021 = 해시태그 알약 2개	blk_021를 #산뜻밀착 | #집중진정으로 분리	세로간격		#산뜻밀착 / #집중진정
g1	GS-01_002	sec_1_19	과병합	blk_023	1	blk_023 = 해시태그 알약 2개	blk_023를 #자외선노화케어 | #수분캡슐톡톡으로 분리	세로간격		#자외선노화케어 / #수분캡슐톡톡
g1	GS-01_002	sec_1_19	역할오류	blk_018	1	body	title	반복항목불일치		어성초 무기자차 (다른 제품명 016·017은 title)
g1	GS-01_002	sec_1_19	역할오류	blk_022	1	body	title	반복항목불일치		#탄력UP (다른 해시태그는 title)
g1	GS-01_002	sec_1_20	역할오류	blk_011	1	title	body	반복항목불일치		#산뜻밀착 (다른 해시태그 4개는 body)
g1	GS-01_002	sec_1_20	역할오류	blk_013	1	title	body	반복항목불일치		#생기톤업 (다른 해시태그 4개는 body)
g1	GS-01_002	sec_1_21	과병합	blk_016	1	blk_016 = 해시태그 알약 3개	blk_016를 #끈적임NO | #밀림걱정없이 | #매끈밀착으로 분리	세로간격		#끈적임NO #밀림걱정없이 / #매끈밀착 (1행은 가로 병합)
g1	GS-01_002	sec_1_21	역할오류	blk_014	1	body	title	반복항목불일치		어성초 퀵 선스틱 (blk_013은 title)
g1	GS-01_002	sec_1_22	과분할	blk_025+blk_026	1	blk_025 | blk_026	blk_025+026 한 블록	세로간격	blk_025|blk_026: 블록:세로간격 16>14.4	FSC 산림보존인증 단상자를 / 국제 산림
g1	GS-01_002	sec_1_22	역할오류	blk_024	1	body	caption	반복항목불일치		소이 잉크로 인쇄된 종이사용 (같은 유형 025·026은 caption. 오류 블록을 024로 지정)
g1	GS-01_002	sec_1_23	과분할	blk_010+blk_013	1	blk_010 | blk_013	blk_010+013 한 블록	세로간격	blk_010|blk_013: 블록:세로간격 15>14.4	검증 가능한 사실만을 / 진실되게 (핵심 본문 문장 끊김)
g1	GS-01_002	sec_1_23	과분할	blk_017+blk_019	1	blk_017 | blk_019	blk_017+019 한 블록	세로간격	blk_017|blk_019: 블록:줄높이비 1.87	18 / Free (그래픽 문구)
g1	GS-01_002	sec_1_23	역할오류	blk_014	1	body	caption	백분위역할		*제품별 Free 성분 분석 테스트 진행
g1	GS-01_002	sec_1_23	역할오류	blk_020	1	body	caption	백분위역할		* 21년 9월 이후로 출시된 (blk_021은 caption)
g1	GS-01_002	sec_1_23	역할오류	blk_025	1	title	body	반복항목불일치		04.자외선차단제 (01~03은 body)
g2	GS-02_001	sec_1_01	과병합	blk_004	1	blk_004 = *발송 일정 주석 1줄 + *예약 판매 주석 1줄	blk_004를 1줄 | 2줄로 분리	기타		*기프트카드 발송 일정 / *예약 판매; 각주 2개 병합
g2	GS-02_004	sec_1_01	과분할	blk_007+blk_008+blk_009+blk_010	3	blk_007 | blk_008 | blk_009 | blk_010	blk_007+008+009+010 한 블록	세로간격	blk_007|blk_008: 블록:세로간격 18>16.2 ; blk_008|blk_009: 블록:세로간격 18>16.2 ; blk_009|blk_010: 블록:세로간격 17>16.2	"어릴때부터 눈아래주름…; 리뷰② 굵은 글씨 혼용
GS-02_004	sec_1_01	과분할	blk_013+blk_014+blk_015	2	blk_013 | blk_014 | blk_015	blk_013+014+015 한 블록	세로간격	30대 중반에 들어가니…; 리뷰③"
g2	GS-02_005	sec_1_01	과분할	blk_003+blk_004	1	blk_003 | blk_004	blk_003+004 한 블록	숫자단위분리	blk_003|blk_004: 블록:줄높이비 1.79	0.00% / 개선; 배지 수치+단어
g2	GS-02_006	sec_1_01	과분할	blk_006+blk_007	1	blk_006 | blk_007	blk_006+007 한 블록	세로간격	blk_006|blk_007: 블록:세로간격 12>10.2	[셀리맥스…] 흡수율 증대 시험; 시험정보
g2	GS-02_008	sec_1_01	과병합	blk_001	1	blk_001 = 0.00003mm 나노 리포좀 레티날 1줄 + 0.015mm 마이크로 에이샷 1줄	blk_001을 1줄 | 2줄로 분리	반복항목불일치		0.00003mm 나노 리포좀 레티날; 병렬 항목 2개
g2	GS-02_008	sec_1_04	과분할	blk_012+blk_013	1	blk_012 | blk_013	blk_012+013 한 블록	세로간격	blk_012|blk_013: 블록:세로간격 18>14.4	레티날은 피부에서 빠르게 활성화되어
g2	GS-02_008	sec_1_04	과병합	blk_051	1	blk_051 = 참고문헌 6건 13줄	blk_051을 참고문헌 항목별 6블록으로 분리	기타		- A new dermocosmetic…; 목록 병합
g2	GS-02_008	sec_1_06	과분할	blk_001+blk_002	1	blk_001 | blk_002	blk_001+002 한 블록	기타	blk_001|blk_002: 줄:높이비 3.10	20,250 A-Shot® *; 각주 기호 분리
g2	GS-02_008	sec_1_06	과분할	blk_005+blk_004+blk_006	2	blk_005 | blk_004 | blk_006	blk_005+004+006 한 블록	세로간격	blk_004|blk_005: 줄:높이비 2.40 ; blk_005|blk_006: 블록:세로간격 15>14.4	레티날 샷 부스터 사용 시, 따끔거리는; 004는 * 기호
g2	GS-02_008	sec_1_06	과병합	blk_003	1	blk_003 = *Hydrolyzed Sponge 주석 1줄 + **원료적 특성 주석 1줄	blk_003을 1줄 | 2줄로 분리	기타		*Hydrolyzed Sponge / **원료적; 각주 2개
g2	GS-02_009	sec_1_01	과분할	blk_002+blk_003	1	blk_002 | blk_003	blk_002+003 한 블록	기타	blk_002|blk_003: 줄:높이비 3.67	3% 콜라겐 생성률(%)**; 각주 기호 분리
g2	GS-02_009	sec_1_01	과병합	blk_012	1	blk_012 = *MATRIXYL 성분 주석 1줄 + **원료적 특성 주석 1줄	blk_012를 1줄 | 2줄로 분리	기타		*MATRIXYL®3000 : 팔미토일… / **원료적
g2	GS-02_001	sec_1_01	역할오류	blk_004	1	body	caption	백분위역할		*기프트카드 발송 일정
g2	GS-02_003	sec_1_01	역할오류	blk_003	1	body	caption	백분위역할		2025.09.15 북미 아마존 베스트셀러
g2	GS-02_004	sec_1_02	역할오류	blk_002	1	body	caption	백분위역할		*흡수된 영역 붉게 표시됨
g2	GS-02_005	sec_1_01	역할오류	blk_001	1	title	caption	곡선·기울어짐		BEFORE(OCR AOTACE); 세로 라벨
g2	GS-02_005	sec_1_01	역할오류	blk_014	1	title	caption	곡선·기울어짐		AFTER(OCR PICTE); 세로 라벨
g2	GS-02_005	sec_1_01	역할오류	blk_002	1	body	caption	백분위역할		스피큘 미함유 제품 대비 흡수개선율
g2	GS-02_006	sec_1_01	역할오류	blk_003	1	title	body	반복항목불일치		+주름·리프팅; 다른 3항목은 body
g2	GS-02_006	sec_1_01	역할오류	blk_006	1	body	caption	백분위역할		[셀리맥스…] 흡수율 증대 시험
g2	GS-02_006	sec_1_01	역할오류	blk_007	1	body	caption	백분위역할		인체적용시험/2025.08.18~
g2	GS-02_006	sec_1_02	역할오류	blk_001	1	body	title	백분위역할		더 깊게, 더 많이 스며드는 이유
g2	GS-02_006	sec_1_02	역할오류	blk_004	1	body	caption	백분위역할		실제 현미경으로 관측한; 이미지 주석
g2	GS-02_007	sec_1_01	역할오류	blk_001	1	body	caption	백분위역할		[셀리맥스…] 흡수율증대 시험; 시험정보 3줄
g2	GS-02_007	sec_1_03	역할오류	blk_002	1	body	title	백분위역할		800만의 피부 고민 솔루션; 메인 헤드라인, 기울어진 패키지 박스가 큼
g2	GS-02_007	sec_1_03	역할오류	blk_010	1	body	caption	백분위역할		*~2026.03.25 누적 출고량 기준
g2	GS-02_008	sec_1_01	역할오류	blk_013	1	body	title	백분위역할		초미세 성분으로 속까지 깊고; 메인 헤드라인
g2	GS-02_008	sec_1_01	역할오류	blk_016	1	caption	body	반복항목불일치		4중 모공; 014·015는 body
g2	GS-02_008	sec_1_02	역할오류	blk_001	1	body	title	백분위역할		깊게 도달하는 초미세 입자; 메인 헤드라인 3줄
g2	GS-02_008	sec_1_04	역할오류	blk_011	1	title	caption	백분위역할		*자사 레티놀 세럼에 사용된 원료
g2	GS-02_008	sec_1_04	역할오류	blk_012	1	title	body	백분위역할		레티날은 피부에서 빠르게 활성화되어
g2	GS-02_008	sec_1_04	역할오류	blk_013	1	title	body	백분위역할		즉각적으로 작용하는 비타민A 계열
g2	GS-02_008	sec_1_04	역할오류	blk_079	1	title	caption	백분위역할		*레티날 원료에 대한 내용을 참고
g2	GS-02_008	sec_1_04	역할오류	blk_051	1	body	caption	백분위역할		- A new dermocosmetic…; 참고문헌
g2	GS-02_008	sec_1_05	역할오류	blk_001	1	body	title	백분위역할		셀리맥스 레티날 샷 더 특별한 이유②; 1_04 같은 문구는 title
g2	GS-02_008	sec_1_05	역할오류	blk_002	1	body	title	백분위역할		모공보다 6배 얇은 마이크로 에이샷; 메인 헤드라인 3줄
g2	GS-02_008	sec_1_05	역할오류	blk_017	1	body	caption	백분위역할		*원료적 특성에 한함
g2	GS-02_008	sec_1_06	역할오류	blk_003	1	body	caption	백분위역할		*Hydrolyzed Sponge
g2	GS-02_008	sec_1_06	역할오류	blk_005	1	body	caution	기타		사용 시 따끔거리는 사용감은; 사용 주의 안내(! 아이콘)
g2	GS-02_008	sec_1_06	역할오류	blk_006	1	body	caution	기타		자연스러운 현상이니 안심하고; 사용 주의 안내
g2	GS-02_009	sec_1_01	역할오류	blk_008	1	body	caption	반복항목불일치		콜라겐 I; 010·011은 caption
g2	GS-02_009	sec_1_01	역할오류	blk_009	1	body	caption	반복항목불일치		콜라겐 IV
g2	GS-02_009	sec_1_01	역할오류	blk_012	1	body	caption	백분위역할		*MATRIXYL®3000 : 팔미토일…
g3	GS-02_009	sec_1_03	과병합	blk_002	1	blk_002 = 뱃지3 링 + 뱃지4 링	blk_002를 뱃지3 | 뱃지4로 분리	곡선·기울어짐		피부리프팅 테스트완료 피부각질층
g3	GS-02_009	sec_1_03	과분할	blk_002+blk_003	1	blk_002(뱃지3 링 일부) | blk_003	뱃지3 링 텍스트 한 블록	곡선·기울어짐	blk_002|blk_003: 줄:가로겹침 -194<-12.5, 줄:높이비 3.76	개선이 링에서 분리
g3	GS-02_009	sec_1_03	역할오류	blk_001	1	body	title	기타		고객이 느낀 피부변화, 인체적용시험으로… / 핵심 헤드라인. 원인태그 수정(백분위역할→기타: 마침표 문장형 헤드라인 추정)
g3	GS-02_009	sec_1_03	역할오류	blk_002	1	title	caption	반복항목불일치		뱃지 링 텍스트(003/004는 caption) / 수정
g3	GS-02_009	sec_1_04	역할오류	blk_003	1	caption	title	반복항목불일치		가로모공 개선 / 011_02·014_06 동일 소제목 기준 / 수정
g3	GS-02_009	sec_1_04	역할오류	blk_005	1	body	caption	기타		1일 사용 후 (사진 라벨)
g3	GS-02_009	sec_1_04	역할오류	blk_006	1	body	caption	기타		사용 전 (사진 라벨)
g3	GS-02_009	sec_1_04	역할오류	blk_012	1	body	title	반복항목불일치		-12.21% (007/010은 title)
g3	GS-02_009	sec_1_04	역할오류	blk_013	1	body	caption	기타		모공(…)개선에 대한 인체적용시험 (각주)
g3	GS-02_009	sec_1_05	과분할	blk_004+blk_005	1	blk_004 | blk_005	blk_004+005 한 블록	반복항목불일치	blk_004|blk_005: 블록:세로간격 19>16.8	2단 깊이 탄력 / +7.38% 증가 (003/006은 한 블록)
g3	GS-02_009	sec_1_05	과병합	blk_007	1	blk_007 = 시험정보 각주 + 연출 이미지 고지	시험정보 | 연출 이미지 고지로 분리	세로간격		위 이미지는 이해를 돕기 위해…
g3	GS-02_009	sec_1_05	역할오류	blk_005	1	title	body	반복항목불일치		+7.38% 증가 (003/006은 body)
g3	GS-02_009	sec_1_05	역할오류	blk_007	1	body	caption	기타		시험정보 각주
g3	GS-02_009	sec_1_06	과분할	blk_003+blk_004	1	blk_003 | blk_004	blk_003+004 한 블록	반복항목불일치	blk_003|blk_004: 블록:줄높이비 1.53	눈가 부위 피부각도 / -4.0%
g3	GS-02_009	sec_1_06	과분할	blk_006+blk_007	1	blk_006 | blk_007	blk_006+007 한 블록	반복항목불일치	blk_006|blk_007: 블록:줄높이비 1.52	턱 선 부위 피부각도 / -2.46%
g3	GS-02_009	sec_1_06	과분할	blk_009+blk_010	1	blk_009 | blk_010	blk_009+010 한 블록	기타	blk_009|blk_010: 블록:줄높이비 1.56	각주 2줄 분리, 줄 높이 25 vs 16
g3	GS-02_009	sec_1_06	역할오류	blk_004	1	title	body	반복항목불일치		-4.0% (005/008 병합 단위는 body)
g3	GS-02_009	sec_1_06	역할오류	blk_006	1	caption	body	반복항목불일치		턱 선 부위 피부각도 (003/005/008 body)
g3	GS-02_009	sec_1_06	역할오류	blk_007	1	title	body	반복항목불일치		-2.46% / 수정(블록 단위 집계)
g3	GS-02_009	sec_1_06	역할오류	blk_009	1	body	caption	기타		각주 1줄째
g3	GS-02_009	sec_1_06	역할오류	blk_010	1	body	caption	기타		각주 2줄째 / 수정(블록 단위 집계)
g3	GS-02_010	sec_1_01	역할오류	blk_001	1	title	caption	백분위역할		**인체적용시험 참여 21명… (섹션 유일 블록)
g3	GS-02_010	sec_1_02	역할오류	blk_006	1	body	caption	반복항목불일치		제품 도포 (004/005/007은 caption)
g3	GS-02_010	sec_1_02	역할오류	blk_010	1	title	caption	백분위역할		사용 전 (그래프 축 라벨)
g3	GS-02_010	sec_1_02	역할오류	blk_011	1	body	caption	기타		1주 사용 후 (그래프 축 라벨)
g3	GS-02_011	sec_1_01	과병합	blk_001	1	blk_001 = 만족도조사 각주(**) + 턴오버 시험정보 각주	두 각주로 분리	세로간격		**인체적용시험 참여 22명… / 셀리맥스…
g3	GS-02_011	sec_1_01	역할오류	blk_001	1	body	caption	기타		각주
g3	GS-02_011	sec_1_02	역할오류	blk_003	1	body	title	반복항목불일치		깊게 패인 이마주름 개선 (007/011 title)
g3	GS-02_011	sec_1_02	역할오류	blk_005	1	title	caption	백분위역할		사용 전
g3	GS-02_011	sec_1_02	역할오류	blk_006	1	body	caption	기타		2주 사용 후
g3	GS-02_011	sec_1_02	역할오류	blk_009	1	title	caption	백분위역할		사용 전
g3	GS-02_011	sec_1_02	역할오류	blk_010	1	body	caption	기타		2주 사용 후
g3	GS-02_011	sec_1_02	역할오류	blk_013	1	title	caption	백분위역할		사용 전
g3	GS-02_011	sec_1_02	역할오류	blk_014	1	body	caption	기타		2주 사용 후
g3	GS-02_011	sec_1_02	역할오류	blk_015	1	body	caption	기타		깊게 패인 주름(…)인체적용시험 각주
g3	GS-02_012	sec_1_01	과분할	blk_001+blk_002	1	blk_001 | blk_002	blk_001+002 한 블록	기타	blk_001|blk_002: 블록:세로간격 11>9.6	각주 2줄 분리, 줄 높이 21 vs 16
g3	GS-02_012	sec_1_01	역할오류	blk_001	1	title	caption	백분위역할		셀리맥스… 만족도 설문 평가 (각주)
g3	GS-02_012	sec_1_01	역할오류	blk_002	1	body	caption	기타		/성인 남녀 22명/개인차 있음…
g3	GS-02_013	sec_1_01	역할오류	blk_002	1	caption	title	백분위역할		레티날 샷 타이트닝 부스터 / 핵심 헤드라인, 회전된 패키지 박스가 크기 분포 왜곡
g3	GS-02_013	sec_1_02	과분할	blk_011+blk_013	1	blk_011 | blk_013	blk_011+013 한 블록	기타	blk_011|blk_013: 줄:높이비 1.67	으로 분리, 하이라이트 배경
g3	GS-02_013	sec_1_02	과분할	blk_016+blk_017	1	blk_016 | blk_017	blk_016+017 한 블록	기타	blk_016|blk_017: 블록:세로간격 21>18.0	더 비타 A…부스터의 / 줄 간격 동일한데 첫 줄 분리
g3	GS-02_013	sec_1_02	역할오류	blk_014	1	body	caption	기타		*인체 피부 일차자극 시험 각주
g3	GS-02_013	sec_1_02	역할오류	blk_018	1	body	caption	기타		*민감성 피부에 대한… 각주
g3	GS-02_014	sec_1_01	역할오류	blk_002	1	title	body	반복항목불일치		발림성 도톰하게… (001/003/004 body)
g3	GS-02_014	sec_1_02	과분할	blk_006+blk_007	1	blk_006 | blk_007	blk_006+007 한 블록	기타	blk_006|blk_007: 블록:세로간격 19>18.6	저녁 스킨케어 마무리 단계에서 / 가운데 정렬·폭 차이 추정
g3	GS-02_014	sec_1_02	역할오류	blk_001	1	body	title	기타		how to use (섹션 헤딩)
g3	GS-02_014	sec_1_02	역할오류	blk_006	1	caption	body	기타		본문 문장 첫 줄
g3	GS-02_014	sec_1_03	과분할	blk_006+blk_007	1	blk_006 | blk_007	blk_006+007 한 블록	기타	blk_006|blk_007: 블록:세로간격 20>14.4	레티날 사용한 다음날… / 간격 정상, 폭 차이 추정
g3	GS-02_014	sec_1_03	역할오류	blk_002	1	title	body	반복항목불일치		4mm (0.4g) / 3주후매일사용 (003은 body)
g3	GS-02_014	sec_1_04	과병합	blk_009	1	blk_009 = 불릿1(초반 한 달 간 격일 사용) + 불릿2(피부반응 관찰하며 주5~6회)	불릿1 | 불릿2로 분리	반복항목불일치		1행은 004/007로 분리됨
g3	GS-02_014	sec_1_04	과분할	blk_015+blk_016	1	blk_015 | blk_016	blk_015+016 한 블록	기타	blk_015|blk_016: 블록:세로간격 17>14.4	※피부타입에 따라… / caution 역할 분리 추정
g3	GS-02_014	sec_1_04	역할오류	blk_004	1	title	body	반복항목불일치		초반한달간 주1~2회사용 (표 셀)
g3	GS-02_014	sec_1_04	역할오류	blk_005	1	caption	body	반복항목불일치		쌀알크기로소량 (008/013 body)
g3	GS-02_014	sec_1_04	역할오류	blk_006	1	caption	body	반복항목불일치		초급자… (010/014 body)
g3	GS-02_014	sec_1_04	역할오류	blk_012	1	title	body	반복항목불일치		매일사용가능 (표 셀)
g3	GS-02_014	sec_1_04	역할오류	blk_016	1	body	caution	기타		2주까지는 사용 가이드에… (주의문 2줄째)
g3	GS-02_014	sec_1_04	역할오류	blk_018	1	body	caution	기타		Store in a cool place (보관)
g3	GS-02_014	sec_1_05	역할오류	blk_002	1	body	title	반복항목불일치		RETINOL SHOT TIGHTENING SERUM (004는 title)
g3	GS-02_014	sec_1_06	과분할	blk_002+blk_003	1	blk_002 | blk_003	blk_002+003 한 블록	기타	blk_002|blk_003: 줄:가로겹침 -28<-26.5	"+ 기호가 헤드라인과 겹쳐 분리(""1+"")"
g3	GS-02_014	sec_1_06	역할오류	blk_004	1	body	title	반복항목불일치		함께 사용 시, 눈가주름 개선 / 수정(블록 단위)
g3	GS-02_014	sec_1_06	역할오류	blk_008	1	caption	title	반복항목불일치		함께 사용 시, 모공볼륨 개선 / 수정(블록 단위)
g3	GS-02_014	sec_1_06	역할오류	blk_016	1	body	title	반복항목불일치		함께사용시,리프팅개선 / 수정(블록 단위)
g3	GS-02_014	sec_1_06	역할오류	blk_017	1	body	caption	반복항목불일치		-9.02% 감소 (005/009는 caption)
g3	GS-02_014	sec_1_06	역할오류	blk_006	1	body	caption	기타		사용전
g3	GS-02_014	sec_1_06	역할오류	blk_007	1	body	caption	기타		2주 사용 후
g3	GS-02_014	sec_1_06	역할오류	blk_010	1	body	caption	기타		사용전
g3	GS-02_014	sec_1_06	역할오류	blk_011	1	title	caption	백분위역할		2주사용후
g3	GS-02_014	sec_1_06	역할오류	blk_020	1	body	caption	기타		사용전
g3	GS-02_014	sec_1_06	역할오류	blk_021	1	body	caption	기타		2주 사용 후
g3	GS-02_014	sec_1_06	역할오류	blk_022	1	body	caption	기타		셀리맥스 레티놀 샷… 병행 사용 각주
g4	GS-02_014	sec_1_08	과병합	blk_015	1	blk_015 = 체크항목1 + 체크항목2	blk_015를 항목별 2블록으로 분리	반복항목불일치		√주름, 모공,리프팅 개선 / blk_009~011은 줄별 분리
g4	GS-02_014	sec_1_08	역할오류	blk_003	1	body	caption	백분위역할		*불규칙적으로 늘어진 다양한 모공
g4	GS-02_014	sec_1_08	역할오류	blk_008	1	body	title	백분위역할		이런 분에게 추천드려요
g4	GS-02_014	sec_1_08	역할오류	blk_012	1	body	title	백분위역할		주요성분
g4	GS-02_014	sec_1_08	역할오류	blk_014	1	body	title	백분위역할		check point
g4	GS-02_014	sec_1_11	과분할	blk_017+blk_018+blk_019+blk_020	3	blk_017 | blk_018 | blk_019 | blk_020	blk_017~020 한 블록	세로간격	blk_017|blk_018: 블록:세로간격 23>18.0 ; blk_018|blk_019: 블록:세로간격 24>15.6 ; blk_019|blk_020: 블록:세로간격 24>15.6	개발기간 약 455일간…개발했습니다
g4	GS-02_014	sec_1_11	과분할	blk_021+blk_022+blk_023+blk_024	3	blk_021 | blk_022 | blk_023 | blk_024	blk_021~024 한 블록	세로간격	blk_021|blk_022: 블록:세로간격 26>16.2 ; blk_022|blk_023: 블록:세로간격 24>17.4 ; blk_023|blk_024: 블록:세로간격 25>16.2	실제로 체감할 수 있는…할수있어요
g4	GS-02_014	sec_1_11	과분할	blk_025+blk_026	1	blk_025 | blk_026	blk_025~026 한 블록	세로간격	blk_025|blk_026: 블록:세로간격 22>18.0	탄력이 고민일 때…경험해 보세요
g4	GS-03_002	sec_1_01	과분할	blk_004+blk_003	1	blk_004 | blk_003	blk_004~003 한 블록	가로간격	blk_003|blk_004: 줄:가로겹침 -18<-17.5	비클리닉스 브라이트닝 세럼 톤 코렉팅
g4	GS-03_002	sec_1_01	과병합	blk_011	1	blk_011 = BRIGHTENING + 영문 본문	blk_011을 제목 | 본문으로 분리	헤드라인+본문		BRIGHTENING / It takes care of
g4	GS-03_002	sec_1_01	과병합	blk_018	1	blk_018 = 시험정보 각주(*) + 톤업 각주(**)	blk_018을 각주별 2블록으로 분리	세로간격		*시험기관:엘리드… / **커버에 의한
g4	GS-03_002	sec_1_01	역할오류	blk_002	1	body	title	기타		2주 미백& 내추럴 톤업 / 2in1 (메인 헤드라인)
g4	GS-03_002	sec_1_01	역할오류	blk_018	1	body	caption	백분위역할		*시험기관:엘리드,시험기간
g4	GS-03_002	sec_1_02	역할오류	blk_004	1	caption	body	반복항목불일치		잦은 마찰로 거뭇한 무릎과 팔꿈치
g4	GS-03_002	sec_1_03	역할오류	blk_001	1	body	title	기타		미백로션을 써보니 효과를 모르겠고
g4	GS-03_002	sec_1_03	역할오류	blk_005	1	caption	body	반복항목불일치		너무 인위적이고 둥둥 뜨는 톤업
g4	GS-03_002	sec_1_05	역할오류	blk_003	1	body	title	기타		착색 미백+내추럴 톤업까지 (메인 헤드라인)
g4	GS-03_002	sec_1_06	역할오류	blk_001	1	body	title	기타		인체적용시험으로 증명된 (메인 헤드라인)
g4	GS-03_002	sec_1_06	역할오류	blk_007	1	body	title	반복항목불일치		9.99 %개선 / blk_005 13.2%는 title
g4	GS-03_002	sec_1_06	역할오류	blk_019	1	body	caption	백분위역할		*가슴 또는 등 부위의 피부톤 평가
g4	GS-03_002	sec_1_07	역할오류	blk_001	1	body	title	기타		무겁고 뜨는 톤업*이별 (블록 2개뿐인 섹션)
g4	GS-03_004	sec_1_01	과병합	blk_009	1	blk_009 = 각주 3개(*커버 / **바른 직후+시험정보 / **다음날+시험정보)	blk_009를 각주별 3블록으로 분리	세로간격		*커버에 의한 톤업 효과…
g4	GS-03_004	sec_1_01	역할오류	blk_002	1	title	caption	반복항목불일치		사용 직후
g4	GS-03_004	sec_1_01	역할오류	blk_003	1	body	caption	반복항목불일치		사용전
g4	GS-03_004	sec_1_01	역할오류	blk_004	1	body	caption	반복항목불일치		사용 24시간 후
g4	GS-03_004	sec_1_01	역할오류	blk_005	1	title	caption	곡선·기울어짐		(7)굴Ⅱ = 세로 축라벨 피부톤(L*) 오인식
g4	GS-03_004	sec_1_01	역할오류	blk_006	1	body	caption	반복항목불일치		사용전 (그래프 축 라벨)
g4	GS-03_004	sec_1_01	역할오류	blk_007	1	body	caption	반복항목불일치		사용 직후 (그래프 축 라벨)
g4	GS-03_004	sec_1_01	역할오류	blk_008	1	body	caption	반복항목불일치		사용24시간 후 (그래프 축 라벨)
g4	GS-03_004	sec_1_01	역할오류	blk_009	1	body	caption	백분위역할		*커버에 의한 톤업 효과 / **바른
g4	GS-03_005	sec_1_01	역할오류	blk_001	1	body	caption	반복항목불일치		POINT 2 / GS-03_002 POINT1은 caption
g4	GS-03_008	sec_1_01	역할오류	blk_005	1	body	title	백분위역할		BODY BRIGHTENING
g4	GS-03_008	sec_1_02	과분할	blk_001+blk_002	1	blk_001 | blk_002	blk_001 한 블록(blk_002 중복 조각 흡수)	기타	blk_001|blk_002: 줄:가로겹침 -210<-20.5, 줄:높이비 1.88	"1? = 제목 속 ""쓸"" 중복 검출 조각"
g4	GS-03_009	sec_1_01	역할오류	blk_002	1	title	caption	곡선·기울어짐		(7)굴Ⅱ = 세로 축라벨 피부톤(L*) 오인식
g4	GS-03_010	sec_1_01	역할오류	blk_001	1	title	caption	백분위역할		*1주,2주 사용 후 가슴(또는 등) / 섹션 유일 블록
g5	GS-03_010	sec_1_02	과병합	blk_004	1	blk_004 = 팔꿈치 93.7% 줄 + 전완부 90.02% 줄	blk_004를 두 줄(두 항목)로 분리	세로간격		사용 직후 팔꿈치/전완부 각질; 구분선 있는 병렬 효능
g5	GS-03_010	sec_1_02	역할오류	blk_003	1	body	caption	기타		1)특허 제10-1934022호… 특허번호 각주
g5	GS-03_010	sec_1_02	역할오류	blk_005	1	body	caption	기타		사용전 (사진 라벨)
g5	GS-03_010	sec_1_02	역할오류	blk_006	1	body	caption	기타		사용 직후 (사진 라벨)
g5	GS-03_010	sec_1_02	역할오류	blk_007	1	body	caption	기타		*바른 직후 팔꿈치… 시험정보 각주
g5	GS-03_010	sec_1_03	과병합	blk_012	1	blk_012 = 자연스러운/내추럴 톤업 효과(굵게) + 3.98%즉각톤업(보통)	blk_012에서 3.98%즉각톤업 줄 분리	기타		굵기 다른 수치 줄 병합; 경계 사례
g5	GS-03_010	sec_1_03	역할오류	blk_010	1	body	title	반복항목불일치		비클리닉스 브라이트닝 세럼…; 병렬 열제목 blk_011은 title
g5	GS-03_012	sec_1_01	과병합	blk_001	1	blk_001 = 문장 + 100%	blk_001을 문장과 100%로 분리	가로간격		사용 후 즉각적으로 촉촉한… 100%; 다른 행은 분리됨
g5	GS-03_012	sec_1_01	역할오류	blk_003	1	caption	body	반복항목불일치		사용 후 피부 당김이 개선; 001/005/007은 body
g5	GS-03_012	sec_1_01	역할오류	blk_008	1	body	caption	기타		*제품 적용 1주 후… 시험정보 각주
g5	GS-03_013	sec_1_01	역할오류	blk_013	1	body	caption	기타		*제품 적용 4주 후… 시험정보 각주
g5	GS-03_014	sec_1_02	역할오류	blk_001	1	body	caption	기타		1)항산화 테스트 완료[시험내용… 각주
g5	GS-03_014	sec_1_02	역할오류	blk_002	1	body	caption	기타		2)피부 대상 저자극 테스트… 각주
g5	GS-03_014	sec_1_03	과분할	blk_006+blk_007	1	blk_006 | blk_007	blk_006+007 한 블록	가로간격	blk_006|blk_007: 줄:가로겹침 -49<-45.0	사용 4주후 피부톤&결 개선 만족도; 핵심 헤드라인, OCR 영역 겹침으로 '결' 중복
g5	GS-03_014	sec_1_03	과분할	blk_002+blk_004	1	blk_002 | blk_004	blk_002+004 한 블록	세로간격	blk_002|blk_004: 블록:세로간격 11>8.4	A long-term / whitening effect; 괘선 사이 2줄
g5	GS-03_014	sec_1_03	과분할	blk_003+blk_005	1	blk_003 | blk_005	blk_003+005 한 블록	세로간격	blk_003|blk_005: 블록:세로간격 11>7.8	Tone-up and / antioxidant solutions
g5	GS-03_015	sec_1_01	역할오류	blk_005	1	caption	body	반복항목불일치		4주후 피부결 균일함…; 병렬 004/006은 body
g5	GS-03_015	sec_1_01	역할오류	blk_007	1	body	caption	기타		*사용감/미백&톤업 효능감… 각주
g5	GS-03_018	sec_1_01	역할오류	blk_001	1	title	body	백분위역할		샤워 후 착색이 고민되는…; 섹션 단독 문장
g5	GS-03_018	sec_1_03	역할오류	blk_001	1	title	body	반복항목불일치		거뭇한 팔꿈치·무릎 착색이…; 체크리스트 항목
g5	GS-03_018	sec_1_03	역할오류	blk_002	1	caption	body	반복항목불일치		겨드랑이 착색으로 민소매가…
g5	GS-03_018	sec_1_03	역할오류	blk_003	1	title	body	반복항목불일치		등·가슴 잡티 흔적까지…
g5	GS-03_018	sec_1_03	역할오류	blk_004	1	caption	body	반복항목불일치		얼굴과 바디 톤 차이가…
g5	GS-03_018	sec_1_03	역할오류	blk_005	1	title	body	반복항목불일치		미백과 톤업을 한 번에…
g5	GS-03_018	sec_1_04	역할오류	blk_002	1	body	title	백분위역할		정말 착색 미백 케어에 효과가 있나요?; FAQ 질문, 05~07 질문은 title
g5	GS-03_018	sec_1_08	과병합	blk_008	1	blk_008 = BRIGHTENING 소제목 + 영문 설명 3줄	blk_008을 소제목과 설명으로 분리	헤드라인+본문		BRIGHTENING / It takes care of…
g5	GS-03_018	sec_1_08	역할오류	blk_004	1	body	caption	기타		BODY MIST (말풍선 라벨)
g5	GS-03_018	sec_1_08	역할오류	blk_005	1	body	caption	기타		BODY / WASH (말풍선 라벨)
g5	GS-03_018	sec_1_08	역할오류	blk_015	1	body	caption	기타		BODY / LOTION (말풍선 라벨)
g5	GS-03_018	sec_1_08	역할오류	blk_023	1	body	caption	기타		LV.0 (단계 라벨)
g5	GS-03_018	sec_1_08	역할오류	blk_024	1	body	caption	기타		LV.2 (단계 라벨)
g5	GS-03_018	sec_1_08	역할오류	blk_025	1	body	caption	기타		LV.1 (단계 라벨)
g5	GS-03_018	sec_1_08	역할오류	blk_041	1	body	caption	반복항목불일치		Brightening effect up; 병렬 043은 caption
g5	GS-03_018	sec_1_08	역할오류	blk_045	1	body	caption	기타		1시험기관:엘리드|… 각주
g5	GS-03_018	sec_1_08	역할오류	blk_046	1	body	caption	기타		2LG생활건강 기술연구원|… 각주
